<?xml version="1.0" encoding="UTF-8" ?>
<!DOCTYPE mapper
        PUBLIC "-//mybatis.org//DTD Mapper 3.0//EN"
        "http://mybatis.org/dtd/mybatis-3-mapper.dtd">
<mapper namespace="com.example.restfuldemo.dao.EmployeeDao">
<!--
    Employee get(@Param("id") Integer id);
    int delete(@Param("id") Integer id);
    int update(Employee employee);-->
    <resultMap type="com.example.restfuldemo.entities.Employee" id="Employee">
        <id property="id" column="id"></id>
        <!--has-a关系 多对一使用association-->
        <association property="department" select="com.example.restfuldemo.dao.DepartmentDao.getDepartment" column="d_id">
            <id property="id"/>
            <result column="department_name" property="departmentName"></result>
    </association>
    </resultMap>
    <select id="getAll" resultMap="Employee">
      select * from employee
      order by id
    </select>
    <select id="get" resultMap="Employee">
        select * from employee where id = #{id}
    </select>
    <delete id="delete">
        delete from employee where id = #{id}
    </delete>
    <update id="update">
        update employee set last_name=#{lastName},email=#{email},gender=#{gender},d_id=#{department.id},
        birth=#{birth} where id=#{id}
    </update>
    <!--insert语句默认是不返回记录的主键值，而是返回插入的记录条数； 添加后通过原来的插入类.getId()可获得插入后得到的自增id-->
    <insert id="save" useGeneratedKeys="true" keyProperty="id">
        insert into employee (last_name,email,gender,d_id,birth) values
        (#{lastName},#{email},#{gender},#{department.id},#{birth});
    </insert>
</mapper>